1963;138;8 1/2;Drama;80;Yes
1968;139;2001: A Space Odyssey;Science Fiction;83;No
1982;92;48 Hrs.;Action;67;No
1966;95;A Big Hand for the Little Lady;Comedy;12;No
1992;60;A Certain Sacrifice;Music;24;No
1962;105;A Child Is Waiting;Drama;60;No
1985;118;A Chorus Line, The Movie;Music;71;No
1990;89;A Chorus of Disapproval;Comedy;0;No
1971;138;A Clockwork Orange;Science Fiction;83;Yes
1967;100;A Coeur Joie, (Head Over Heels);Action;54;No
1988;122;A Cry in the Dark;Drama;67;No
1992;96;A Day in October;Drama;76;No
1989;97;A Dry White Season;Drama;71;No
1966;104;A Fine Madness;Comedy;6;No
1988;108;A Fish Called Wanda;Comedy;7;Yes
1964;102;A Fistful of Dollars;Westerns;61;No
1954;96;A Lesson in Love;Comedy;48;No
1977;110;A Little Night Music;Music;61;No
1966;103;A Man & a Woman;Drama;46;Yes
1986;112;A Man & a Woman: Twenty Years Later;Drama;49;No
1966;120;A Man for All Seasons;Drama;20;Yes
1976;97;A Matter of Time;Drama;70;No
1988;92;A Month in the Country;Drama;57;No
1971;102;A New Leaf;Comedy;83;No
1988;104;A New Life;Comedy;53;No
1931;87;A Nous la Liberte;Drama;60;No
1965;106;A Patch of Blue;Drama;51;No
1982;150;A Question of Honor;Drama;80;No
1964;101;A Shot in the Dark;Comedy;51;No
1990;93;A Show of Force;Drama;1;No
1986;94;A Smoky Mountain Christmas;Music;23;No
1977;105;A Special Day;Drama;80;Yes
1946;110;A Stolen Life;Drama;20;No
1951;122;A Streetcar Named Desire;Drama;75;Yes
1973;103;A Touch of Class;Comedy;79;Yes
1962;134;A Very Private Affair;Drama;30;No
1990;131;A View to a Kill;Action;44;No
1969;98;A Walk in the Spring Rain;Drama;2;No
1982;195;A Woman Called Golda;Drama;15;Yes
1938;104;A Woman's Face;Drama;49;No
1984;106;A Year of the Quiet Sun;Drama;78;No
1986;113;About Last Night;Drama;66;No
1981;116;Absence of Malice;Drama;76;No
1988;121;Accidental Tourist, The;Comedy;56;Yes
1988;110;Accused, The;Drama;71;Yes
1990;101;Act of Piracy;Mystery;74;No
1970;100;Adam at 6 A.M.;Drama;3;No
1991;101;Adam's Rib;Comedy;62;No
1992;102;Addams Family, The;Comedy;8;No
1992;88;Adventures in Dinosaur City;Action;19;No
1935;234;Adventures of Rex & Rinty, The;Western;87;No
1975;91;Adventures of Sherlock Holmes' Smarter;Comedy;42;No
1943;265;Adventures of Smilin' Jack, The;Mystery;77;No
1952;98;Affair in Trinidad;Drama;49;No
1991;114;After Dark My Sweet;Mystery;33;No
1985;97;After Hours;Comedy;81;No
1989;89;After School;Drama;59;No
1966;103;After the Fox;Comedy;60;No
1983;72;After the Rehearsal;Drama;0;No
1990;92;After the Shock;Drama;28;No
1970;137;Airport;Drama;0;Yes
1960;164;Alamo, The;Action;29;No
1992;95;Alan & Naomi;Drama;3;No
1993;30;Alfred Hitchcock Presents, Sorcerer's Apprentice;Mystery;60;No
1990;106;Alice;Comedy;22;No
1975;112;Alice Doesn't Live Here Anymore;Comedy;82;Yes
1979;117;Alien;Science Fiction;83;No
1992;115;Alien Three;Science Fiction;59;No
1997;109;Alien: resurrection;Science Fiction;60;No
1986;137;Aliens;Science Fiction;82;No
1950;138;All about Eve;Drama;23;Yes
1990;87;All New Tales from the Crypt, A Trilogy;Horror;33;No
1976;139;All the President's Men;Drama;45;Yes
1983;91;All the Right Moves;Drama;65;No
1939;80;Allegheny Uprising;Drama;53;No
1987;95;Allnighter, The;Comedy;71;No
1990;98;Almost an Angel;Comedy;14;No
1982;92;Alone in the Dark;Horror;75;No
1986;132;Alrededor de Medianoche;Drama;47;No
1990;103;Altered States;Science Fiction;22;No
1984;158;Amadeus;Drama;6;Yes
1974;124;Amarcord;Drama;50;Yes
1990;88;Amazon;Action;30;No
1931;68;Ambassador Bill;Comedy;66;No
1991;60;America's Music, Blues;Music;54;No
1992;60;America's Music, Gospel;Music;13;No
1989;99;American Angels: Baptism of Blood, The;Drama;28;No
1986;100;American Anthem;Drama;74;No
1989;90;American Autobahn;Drama;75;No
1992;72;American Film Institute, Alfred Hitchcock;Mystery;70;No
1977;127;American Friend, The;Mystery;35;No
1973;112;American Graffiti;Comedy;39;Yes
1982;92;An Evening with Robin Williams;Comedy;68;No
1982;125;An Officer & a Gentleman;Drama;1;Yes
1956;106;Anastasia;Drama;24;Yes
1957;90;And God Created Woman;Drama;29;No
1971;88;And Now for Something Completely Different;Comedy;44;No
1971;98;Anderson Tapes, The;Mystery;1;No
1947;96;Angel & the Badman;Western;84;No
1977;91;Angela;Drama;80;No
1985;82;Angelic Conversation, The;Comedy;41;No
1930;92;Anna Christie;Drama;0;No
1935;96;Anna Karenina;Drama;35;Yes
1977;94;Annie Hall;Comedy;68;Yes
1990;98;Another Forty-Eight Hours;Action;54;No
1958;98;Another Time, Another Place;Drama;4;No
1988;81;Another Woman;Drama;7;No
1991;98;Another You;Comedy;75;No
1954;91;Apache;Western;78;No
1992;83;Apache Woman;Western;32;No
1943;64;Ape Man, The;Horror;83;No
1979;153;Apocalypse Now;Drama;8;No
1966;99;Appaloosa, The;Western;15;No
1953;79;Appointment in Honduras;Drama;7;No
1988;103;Appointment with Death;Mystery;75;No
1974;121;Apprenticeship of Duddy Kravitz, The;Drama;64;Yes
1987;88;Arrogant, The;Drama;62;No
1931;95;Arrowsmith;Drama;84;No
1981;97;Arthur;Comedy;79;Yes
1932;71;As You Desire Me;Drama;85;No
1973;99;Ash Wednesday;Drama;54;No
1950;112;Asphalt Jungle, The;Action;77;No
1986;140;Assault, The;Drama;71;Yes
1991;186;At Play in the Fields of the Lord;Drama;81;No
1979;87;Attack of the Killer Tomatoes;Comedy;47;No
1987;103;Au Revoir les Enfants;Drama;35;No
1991;113;Audrey Rose;Drama;62;No
1978;97;Autumn Sonata;Drama;49;Yes
1991;120;Awakenings;Drama;8;No
1989;74;B. A. D. Cats;Action;87;No
1987;102;Babette's Feast;Drama;79;Yes
1933;72;Baby Face;Drama;66;No
1939;85;Back Door to Heaven;Drama;83;No
1992;88;Back in the U.S.S.R.;Action;61;No
1987;92;Back to the Beach;Comedy;45;No
1985;116;Back to the Future;Comedy;9;No
1989;116;Back to the Future II;Comedy;65;No
1983;123;Bad Boys;Drama;7;No
1956;129;Bad Seed, The;Horror;69;No
1960;152;Bad Sleep Well, The;Drama;65;No
1988;96;Baja Oklahoma;Comedy;71;No
1982;128;Ballad of Narayama, The;Drama;88;No
1948;59;Bandits of Dark Canyon;Western;72;No
1968;106;Bandolero!;Western;9;No
1973;96;Bang the Drum Slowly;Drama;73;No
1958;104;Barbarian & the Geisha, The;Action;52;No
1987;97;Barfly;Drama;23;No
1992;123;Basic Instinct;Mystery;41;No
1991;90;Basil The Rat;Comedy;9;No
1991;115;Bataan;War;68;No
1989;126;Batman;Action;14;No
1942;18;Battle of Midway, The;War;75;No
1949;119;Battleground, The;War;7;No
1989;90;Beartooth;Action;70;No
1984;106;Beat Street;Drama;72;No
1992;90;Beauty & the Beast;Science Fiction;14;No
1967;107;Bedazzled;Comedy;67;No
1963;99;Bedtime Story;Comedy;7;No
1971;109;Beguiled, The;Drama;60;No
1979;129;Being There;Comedy;31;Yes
1990;94;Bellboy & the Playgirls, The;Drama;7;No
1945;126;Bells of St. Mary's, The;Drama;31;No
1984;94;Best Defense;Comedy;75;No
1982;109;Best Friends;Comedy;74;No
1990;56;Best of Candid Camera, The;Comedy;12;No
1983;60;Best of the Big Laff Off, The;Comedy;20;No
1986;104;Best of Times, The;Comedy;88;No
1986;120;Betty Blue;Drama;71;No
1983;105;Between Friends;Drama;54;No
1986;95;Between Two Women;Drama;52;No
1984;105;Beverly Hills Cop;Comedy;41;No
1987;103;Beverly Hills Cop II;Comedy;37;No
1983;104;Beyond the Limit;Drama;51;No
1990;90;Big Bad John;Action;84;No
1993;53;Big Bands, The;Music;48;No
1988;118;Big Blue, The;Drama;7;No
1972;71;Big Bust Out, The;Action;50;No
1978;108;Big Fix, The;Mystery;19;No
1971;110;Big Jake;Action;68;No
1952;90;Big Jim McLain;Western;14;No
1987;91;Big Shots;Action;5;No
1988;90;Big Top Pee-wee;Comedy;17;No
1987;109;Big Town, The;Drama;11;No
1931;110;Big Trail, The;Western;22;No
1993;60;Bill Cosby, Live at Harrah's;Comedy;13;No
1988;161;Bird;Drama;24;No
1976;90;Black & White in Color;Comedy;24;Yes
1989;125;Black Rain;Action;73;No
1977;143;Black Sunday;Drama;76;No
1987;101;Black Widow;Mystery;54;No
1929;84;Blackmail;Mystery;2;No
1982;117;Blade Runner;Action;1;No
1983;90;Blame It on Rio;Comedy;10;No
1992;79;Blame It on the Bellboy;Comedy;69;No
1987;95;Blind Date;Comedy;7;No
1991;86;Blind Man's Bluff;Mystery;64;No
1989;103;Blood & Guns;Action;43;No
1955;115;Blood Alley;War;15;No
1979;112;Blood Feud;Action;52;No
1945;94;Blood on the Sun;Drama;76;No
1991;89;Bloodbath;Horror;37;No
1978;117;Bloodbrothers;Drama;11;No
1988;92;Bloodsport;Action;78;No
1990;89;Bloodsucking Pharaohs in Pittsburgh;Comedy;79;No
1970;90;Bloody Mama;Action;17;No
1970;26;Bloopers from Star Trek;Comedy;22;No
1986;83;Blue City;Action;38;No
1988;88;Blue Iguana, The;Drama;65;No
1986;120;Blue Velvet;Mystery;6;No
1977;124;Bobby Deerfield;Drama;36;No
1967;103;Bobo, The;Comedy;80;No
1987;93;Bodycount;Action;51;No
1948;60;Bold Frontiersman, The;Western;18;No
1990;126;Bonfire of the Vanities, The;Drama;82;No
1991;116;Boom Town;Drama;73;No
1992;54;Border Feud;Action;43;No
1990;110;Border Shootout;Action;7;No
1948;110;Border Street;Drama;73;No
1989;145;Born on the Fourth of July;Drama;8;Yes
1991;88;Born to Ride;Action;59;No
1984;130;Bounty, The;Drama;25;No
1991;60;Boxing Babes;Action;9;No
1971;137;Boy Friend, THe;Music;8;No
1986;97;Boy in Blue, The;Drama;63;No
1986;120;Boy Who Could Fly, The;Drama;25;No
1938;96;Boys Town;Drama;21;Yes
1989;90;Branford Marsalis, Steep;Music;52;No
1975;111;Brannigan;Drama;64;No
1978;111;Brass Target;Action;53;No
1983;97;Breathless;Action;51;No
1958;90;Bride Is Much Too Beautiful, The;Comedy;70;No
1990;108;Bright Lights, Big City;Drama;30;No
1957;82;Brink of Life;Drama;57;No
1984;85;Broadway Danny Rose;Comedy;14;No
1980;116;Bronco Billy;Westerns;57;No
1979;92;Brood, The;Horror;51;No
1984;110;Buddy System, The;Drama;48;No
1979;89;Buffet Froid;Comedy;75;No
1987;95;Bullseye!;Comedy;8;No
1989;101;Burbs, The;Comedy;42;No
1987;102;Burglar;Comedy;44;No
1970;112;Burn!;Drama;75;No
1991;60;Burning Poles, Cecil Taylor in Performance;Music;82;No
1976;116;Burnt Offerings;Horror;35;No
1941;57;Bury Me Not on the Lone Prairie;Western;85;No
1987;89;Business As Usual;Comedy;17;No
1969;110;Butch Cassidy & the Sundance Kid;Western;29;Yes
1972;109;Butterflies Are Free;Drama;82;Yes
1972;128;Cabaret;Drama;59;Yes
1969;103;Cactus Flower;Comedy;67;Yes
1980;99;Caddyshack;Comedy;70;No
1988;98;Caddyshack 2;Comedy;34;No
1990;97;Cadillac Man;Comedy;28;No
1973;102;Cahill, United States Marshal;Western;12;No
1978;103;California Suite;Comedy;11;Yes
1936;110;Camille;Drama;74;No
1990;149;Camille Claudel;Drama;32;No
1987;94;Campus Man;Drama;38;No
1972;99;Cancel My Reservation;Comedy;60;No
1988;90;Cannibal Women in the Avocado Jungle of Death;Comedy;56;No
1981;96;Cannonball Run, The;Comedy;80;No
1992;128;Cape Fear;Mystery;7;No
1959;88;Carlton-Browne of the F.O.;Comedy;63;No
1971;96;Carnal Knowledge;Drama;10;No
1988;85;Casablanca Express;Action;33;No
1956;27;Case of the Mukkinese Battle Horn, The;Comedy;45;No
1986;100;Casino;Mystery;5;No
1967;130;Casino Royale;Comedy;11;No
1987;118;Castaway;Drama;41;No
1965;97;Cat Ballou;Comedy;62;Yes
1991;98;Cat Chaser;Drama;6;No
1974;82;Catamount Killing, The;Action;84;No
1970;117;Catch Twenty-Two;Comedy;50;No
1989;88;Center of the Web;Mystery;42;No
1981;124;Chariots of Fire;Drama;6;Yes
1968;103;Charly;Drama;38;Yes
1990;96;Chattahoochee;Drama;30;No
1947;61;Check Your Guns;Western;80;No
1988;89;Cheerleader Camp;Horror;79;No
1957;60;Cheyenne, The Iron Trail;Western;1;No
1986;119;Children of a Lesser God;Drama;20;Yes
1961;109;Children's Hour, The;Drama;60;No
1979;122;China Syndrome, The;Drama;43;No
1974;131;Chinatown;Drama;55;Yes
1970;111;Chisum;Western;72;No
1981;135;Choice of Arms;Action;87;No
1985;128;Christopher Columbus;Drama;69;No
1992;121;Christopher Columbus: The Discovery;Adventure;39;No
1967;105;Chuka;Western;47;No
1988;100;Ciao Italia, Madonna Live from Italy;Music;74;No
1931;125;Cimarron;Western;44;Yes
1991;85;Circuitry Man;Action;78;No
1964;132;Circus World;Drama;29;No
1992;135;City of Joy;Drama;87;No
1985;100;Clan of the Cave Bear, The;Drama;73;No
1988;100;Clara's Heart;Drama;60;No
1992;100;Class Act;Drama;88;No
1982;93;Class of 1984;Drama;23;No
1963;243;Cleopatra;Drama;80;No
1946;106;Cloak & Dagger;Mystery;55;No
1986;96;Clockwise;Comedy;10;No
1966;123;Closely Watched Trains;Drama;75;Yes
1986;87;Cobra;Action;57;No
1979;85;Cocaine Cowboys;Action;17;No
1988;103;Cocktail;Drama;13;No
1985;117;Cocoon;Science Fiction;45;Yes
1985;95;Code Name, Emerald;Drama;22;No
1986;119;Color of Money, The;Drama;6;Yes
1988;127;Colors;Drama;23;No
1978;114;Coma;Science Fiction;64;No
1952;99;Come Back, Little Sheba;Drama;50;Yes
1977;75;Comedy Tonight;Comedy;18;No
1991;102;Comfort of Strangers, The;Mystery;5;No
1986;120;Comic Relief;Comedy;69;No
1988;116;Coming to America;Comedy;11;No
1980;129;Competition, The;Drama;45;No
1982;128;Conan the Barbarian;Action;45;No
1970;107;Conformist, The;Drama;72;No
1964;102;Contempt;Drama;81;No
1988;83;Control;Drama;27;No
1992;112;Conversation Piece;Drama;1;No
1974;114;Conversation, The;Drama;59;Yes
1968;103;Coogan's Bluff;Action;57;No
1989;93;Cookie;Comedy;43;No
1967;127;Cool Hand Luke;Drama;49;Yes
1992;101;Cool World;Drama;44;No
1935;75;Count of Old Town, The;Comedy;72;No
1986;141;Courage;Drama;56;No
1990;93;Court-Martial of Jackie Robinson, The;Drama;33;No
1991;117;Courtship of Eddie's Father, The;Comedy;43;No
1989;110;Cousins;Comedy;28;No
1972;128;Cowboys, The;Western;58;No
1946;93;Crack-Up;Mystery;25;No
1984;92;Crackers;Action;17;No
1990;85;Crash & Burn;Science Fiction;75;No
1949;58;Crashing Thru;Western;19;No
1963;89;Crawling Hand, The;Science Fiction;79;No
1976;95;Creature from Black Lake;Horror;88;No
1982;120;Creepshow;Horror;70;No
1972;91;Cries & Whispers;Drama;18;Yes
1984;101;Crimes of Passion;Drama;4;No
1986;105;Crimes of the Heart;Comedy;84;No
1992;105;Crimson Pirate, The;Action;60;No
1946;93;Crisis;Drama;66;No
1948;88;Criss Cross;Drama;77;No
1986;99;Critical Condition;Comedy;41;No
1986;98;Crocodile Dundee;Comedy;66;No
1988;97;Crossing Delancey;Comedy;6;No
1980;93;Cry of the Innocent;Drama;13;No
1979;122;Cuba;Action;6;No
1972;92;Culpepper Cattle Company, The;Western;29;No
1991;102;Curly Sue;Comedy;2;No
1989;86;Cyborg;Action;31;No
1990;135;Cyrano de Bergerac;Drama;76;No
1956;106;D-Day, The Sixth of June;War;84;No
1988;76;Daffy Duck's Quackbusters;Action;68;No
1945;82;Dakota;Western;27;No
1990;181;Dances with Wolves;Western;8;Yes
1988;119;Dangerous Liaisons;Drama;77;No
1984;96;Dangerous Moves;Drama;7;Yes
1990;95;Dangerous Pursuit;Mystery;88;No
1953;96;Dangerous When Wet;Music;67;No
1982;136;Danton;Drama;5;No
1988;60;Daphnis & Chloe;Music;85;No
1988;90;Dark Age;Action;3;No
1940;95;Dark Command;Western;52;No
1965;122;Darling;Drama;44;Yes
1992;56;Dawn Rider, The;Western;44;No
1973;116;Day for Night;Drama;10;Yes
1974;144;Day of the Locust, The;Drama;81;No
1978;94;Days of Heaven;Drama;14;No
1990;107;Days of Thunder;Action;3;No
1989;96;Dead Calm;Mystery;1;No
1990;128;Dead Poets Society;Drama;8;Yes
1992;92;Dead Pool, The;Action;26;No
1988;117;Dead Ringers;Drama;29;No
1983;104;Dead Zone, The;Horror;79;No
1989;102;Dead-Bang;Action;9;No
1981;94;Deadline;Mystery;9;No
1973;105;Deadly Trackers;Western;54;No
1989;84;Dear America, Letters Home from Vietnam;War;57;No
1965;100;Dear Brigitte;Comedy;71;No
1992;103;Death Becomes Her;Drama;61;No
1985;135;Death of a Salesman;Drama;13;No
1991;115;Deceived;Mystery;55;No
1978;450;Holocaust;Drama;1;No
1988;103;Deceivers, The;Action;14;No
1989;81;Deep Cover;Mystery;15;No
1978;183;Deer Hunter, The;Drama;82;Yes
1991;112;Defending Your Life;Comedy;75;No
1992;96;Defense of the Realm;Drama;79;No
1991;99;Delicatessen;Comedy;78;No
1974;124;Dersu Uzala, (The Hunter);Adventure;81;Yes
1935;54;Desert Trail, The;Western;50;No
1958;114;Desire under the Elms;Drama;13;No
1954;110;Desiree;Drama;22;No
1957;153;Desk Set;Comedy;51;No
1990;106;Desperate Hours;Mystery;58;No
1985;104;Desperately Seeking Susan;Comedy;41;No
1943;99;Destroyer;Action;87;No
1992;83;Devil's Disciple, The;Mystery;65;No
1960;90;Devil's Eye, The;Drama;20;No
1949;78;Devil's Wanton, The;Drama;66;No
1971;111;Devils, The;Drama;69;No
1954;123;Dial M for Murder;Mystery;52;No
1988;93;Diamond Trap, The;Drama;58;No
1992;90;Diary of a Hitman;Drama;67;No
1990;105;Dick Tracy;Comedy;84;No
1973;106;Dillinger;Drama;83;No
1971;102;Dirty Harry;Drama;72;No
1987;86;Disorderlies;Comedy;69;No
1989;120;Do the Right Thing;Drama;5;No
1991;104;Doc Hollywood;Comedy;64;No
1955;90;Doctor at Sea;Comedy;83;No
1970;140;Dodesukaden;Drama;75;No
1991;95;Dogfight;Action;66;No
1988;85;Doin' Time on Planet Earth;Comedy;44;Yes
1938;74;Dollar;Drama;19;No
1926;126;Don Juan;Action;55;No
1963;109;Donovan's Reef;Comedy;62;No
1991;135;Doors, The;Drama;60;No
1992;85;Double Edge;Drama;69;No
1936;70;Doughnuts & Society;Comedy;28;No
1986;107;Down by Law;Comedy;49;No
1988;90;Dr Alien;Science Fiction;70;No
1989;86;Dracula's Widow;Horror;55;No
1991;145;Dragon Seed;Drama;34;No
1987;90;Dragonard;Drama;71;No
1992;84;Dragonfight;Drama;71;No
1955;86;Dreams;Drama;14;No
1987;97;Dreams Lost, Dreams Found;Drama;66;No
1984;99;Dreamscape;Science Fiction;63;No
1975;101;Driver's Seat, The;Drama;72;No
1989;99;Driving Miss Daisy;Drama;6;Yes
1992;121;Drowning by Numbers;Mystery;28;No
1993;90;Duel;Mystery;48;No
1986;107;Duet for One;Drama;82;No
1982;115;E. T. The Extra-Terrestrial;Science Fiction;8;Yes
1969;94;Easy Rider;Drama;36;No
1927;60;Easy Virtue;Mystery;45;No
1987;90;Eddie Murphy Raw;Comedy;51;No
1983;69;Eddie Murphy, Delirious;Comedy;6;No
1991;108;Edison the Man;Drama;19;No
1975;130;Eiger Sanction, The;Action;69;No
1992;100;Eighty-Four Charing Cross Road;Drama;9;No
1961;172;El Cid;Drama;10;No
1986;130;El Guerrero Solitario;Drama;77;No
1979;113;Electric Horseman, The;Comedy;34;No
1956;98;Elena & Her Men;Drama;33;No
1980;124;Elephant Man, The;Drama;3;Yes
1954;103;Elephant Walk;Drama;11;No
1967;90;Elvira Madigan;Drama;28;No
1987;90;Empire of Spiritual Ninja;Action;26;No
1987;153;Empire of the Sun;Drama;6;No
1980;124;Empire Strikes Back, The;Science Fiction;33;No
1993;75;Employee's Entrance;Drama;0;No
1987;60;Encounters;Drama;44;No
1990;102;End of Innocence, The;Drama;6;No
1981;115;Endless Love;Drama;20;No
1989;121;Enemies, a Love Story;Drama;5;No
1964;105;Ensign Pulver;Comedy;16;No
1978;90;Eraserhead;Horror;2;No
1990;59;Erasure, Live Wild!;Music;48;No
1989;104;Erik the Viking;Action;25;No
1979;112;Escape from Alcatraz;Drama;22;No
1952;110;Europa Fifty-One;Drama;34;No
1988;127;Everybody's All American;Romance;62;No
1973;91;Executive Action;Drama;6;No
1989;61;Exile in Concert;Music;12;No
1992;213;Exodus;Drama;13;No
1977;117;Exorcist II, The Heretic;Horror;29;No
1973;122;Exorcist, The;Horror;28;Yes
1962;123;Experiment in Terror;Mystery;77;No
1988;94;Experts, The;Comedy;67;No
1982;94;Eyes of the Amaryllis, The;Drama;70;No
1989;114;Fabulous Baker Boys, The;Drama;66;No
1988;65;Face at the Window, The;Horror;79;No
1987;86;Fair Game;Action;24;No
1985;131;Falcon & the Snowman, The;Drama;61;No
1964;188;Fall of the Roman Empire, The;Drama;62;No
1984;106;Falling in Love;Drama;31;No
1989;113;Family Business;Action;5;No
1982;188;Fanny and Alexander;Drama;81;Yes
1985;90;Fantasy Man;Comedy;82;No
1982;92;Fast Times at Ridgemont High;Comedy;65;No
1989;127;Fat Man & Little Boy;Drama;86;No
1987;120;Fatal Attraction;Mystery;61;No
1983;50;Father Murphy, A Horse from Heaven;Comedy;28;No
1991;87;Father's Little Dividend;Comedy;52;No
1979;90;Fawlty Towers, Gourmet Night, Waldorf Salad & The Kipper & the Corpse;Comedy;46;No
1954;81;Fear;Drama;69;No
1970;130;Fellini Satyricon;Drama;88;No
1990;97;Fellow Traveller;Drama;39;No
1986;103;Ferris Bueller's Day Off;Comedy;12;No
1961;113;Ferry to Hong Kong;Drama;77;No
1980;99;Ffolkes;Action;62;No
1980;100;Fiendish Plot of Dr. Fu Manchu, The;Comedy;29;No
1980;90;Fifth Floor, The;Mystery;74;No
1949;100;Fighting Kentuckian, The;Action;74;No
1944;100;Fighting Seabees, The;War;35;No
1947;58;Fighting Vigilantes, The;Western;21;No
1990;94;Final Alliance, The;Action;10;No
1992;125;Final Analysis;Drama;50;No
1980;92;Final Countdown, The;Action;35;No
1989;88;Final Notice;Mystery;88;No
1983;82;Final Terror, The;Horror;24;No
1989;89;Fire & Rain;Action;10;No
1986;103;Fire with Fire;Drama;9;No
1991;105;Fire, Ice & Dynamite;Action;72;No
1982;136;Firefox;Action;64;No
1987;91;Firehouse;Comedy;66;No
1968;73;Firemen's Ball, The;Comedy;8;No
1992;138;Fisher King, The;Drama;8;Yes
1991;98;Five Easy Pieces;Drama;2;No
1992;89;Flame & the Arrow, The;Action;0;No
1945;91;Flame of Barbary Coast;Western;54;No
1938;298;Flaming Frontiers;Western;82;No
1990;108;Flashback;Comedy;19;No
1991;111;Flatliners;Drama;19;No
1926;109;Flesh & the Devil, The;Drama;72;No
1991;115;Flight of the Intruder;Drama;51;No
1966;76;Flight to Fury;Action;70;No
1986;96;Fly, The;Horror;33;No
1951;102;Flying Leathernecks;Action;23;No
1942;101;Flying Tigers;Action;61;No
1991;130;For a Few Dollars More;Westerns;34;No
1981;129;For Your Eyes Only;Action;86;No
1940;120;Foreign Correspondent;Mystery;61;No
1989;100;Forgotten, The;Mystery;69;No
1980;117;Formula, The;Mystery;82;No
1948;127;Fort Apache;Western;4;No
1966;126;Fortune Cookie, The;Comedy;3;Yes
1978;112;Foul Play;Comedy;46;No
1991;240;Four American Composers;Music;3;No
1961;154;Four Horsemen of the Apocalypse, The;Drama;71;No
1987;119;Fourth Protocol, The;Mystery;14;No
1985;56;Fozzie's Muppet Scrapbook;Comedy;86;No
1988;120;Frantic;Mystery;17;No
1932;65;Freaks;Horror;61;No
1991;110;Freejack;Action;26;No
1971;104;French Connection, The;Drama;88;Yes
1986;90;French Lesson;Comedy;29;No
1981;127;French Lieutenant's Woman, The;Drama;37;No
1991;102;Freshman, The;Comedy;32;No
1979;119;Frisco Kid, The;Comedy;10;No
1986;112;From the Hip;Comedy;36;No
1980;104;From the Life of the Marionettes;Drama;58;No
1976;94;Front, The;Drama;70;No
1939;55;Frontier Horizon;Western;73;No
1960;135;Fugitive Kind, The;Drama;3;No
1991;117;Full Metal Jacket;War;45;No
1990;101;Funny about Love;Comedy;60;No
1988;101;Funny Farm;Comedy;30;No
1968;151;Funny Girl;Music;30;Yes
1991;95;Fury;Drama;48;No
1972;92;Fuzz;Action;37;No
1982;188;Gandhi;Drama;7;Yes
1942;253;Gangbusters;Drama;31;No
1971;90;Garden of the Finzi-Continis, The;Drama;42;Yes
1987;112;Gardens of Stone;Drama;27;No
1991;60;Garrison Keillor's Home;Comedy;6;No
1944;114;Gaslight;Drama;25;Yes
1988;95;Gator Bait II;Action;73;No
1977;109;Gauntlet, The;Action;18;No
1992;90;Germicide;Drama;36;No
1978;109;Get Out Your Handkerchiefs;Comedy;78;Yes
1984;95;Getting Physical;Drama;75;No
1970;126;Getting Straight;Comedy;83;No
1990;127;Ghost;Science Fiction;6;Yes
1956;201;Giant;Drama;61;Yes
1946;110;Gilda;Drama;57;No
1974;103;Girl from Petrovka, The;Drama;23;No
1987;134;Glass Menagerie, The;Drama;68;No
1988;96;Glitz;Mystery;9;No
1967;81;Glory Stompers, The;Action;27;No
1978;114;Go Tell the Spartans;War;67;No
1971;101;Goalie's Anxiety at the Penalty Kick, The;Drama;62;No
1974;201;Godfather, Pt 2., The;Drama;8;Yes
1972;175;Godfather, The;Drama;8;Yes
1981;88;Going Ape;Comedy;65;No
1988;90;Going for the Gold;Action;10;No
1974;117;Going Places;Drama;66;No
1991;80;Going Under;Comedy;30;No
1954;107;Gold of Naples, The;Drama;40;No
1986;93;Golden Child, The;Comedy;86;No
1988;90;Golden Ninja Invasion;Action;13;No
1964;112;Goldfinger;Action;77;No
1985;55;Gonzo Presents Muppet Weird Stuff;Comedy;88;No
1987;90;Good Father, The;Drama;42;No
1987;120;Good Morning, Vietnam;Comedy;37;No
1992;163;Good, the Bad & the Ugly, The;Westerns;68;No
1961;120;Goodbye Again;Drama;6;No
1977;110;Goodbye Girl, The;Comedy;6;Yes
1953;75;Goon Show Movie, The;Comedy;80;No
1988;95;Gor;Action;2;No
1924;123;Gosta Berling's Saga;Drama;63;No
1992;53;Gotta Dance, Gotta Sing;Music;20;No
1932;112;Grand Hotel;Drama;81;Yes
1982;115;Grease II;Music;64;No
1975;95;Great McGonagall, The;Comedy;72;No
1991;160;Great Race, The;Comedy;88;No
1979;110;Great Train Robbery, The;Mystery;7;No
1993;88;Great White Death;Action;26;No
1965;199;Greatest Story Ever Told, The;Drama;26;No
1968;133;Green Berets, The;War;36;No
1990;107;Green Card;Comedy;25;No
1991;89;Green Glove;Drama;54;No
1990;107;Gremlins 2: The New Batch;Comedy;61;No
1962;100;Grim Reaper, The;Drama;35;No
1967;108;Guess Who's Coming to Dinner;Drama;50;Yes
1990;105;Guilty by Suspicion;Drama;88;No
1957;120;Gunfight at the OK Corral;Western;84;No
1986;111;Gung Ho;Comedy;59;No
1955;150;Guys & Dolls;Comedy;70;Yes
1979;122;Hair;Music;67;No
1992;166;Hallelujah Trail, The;Drama;6;No
1969;114;Hamlet;Drama;39;No
1972;108;Hammersmith Is Out;Drama;80;No
1981;104;Hand, The;Horror;44;No
1967;114;Hang 'em High;Western;67;No
1986;103;Hannah & Her Sisters;Comedy;8;Yes
1972;87;Hannie Caulder;Drama;9;No
1991;110;Hanover Street;Drama;81;No
1986;90;Hard Choices;Drama;41;No
1987;97;Hard Ticket to Hawaii;Action;36;No
1990;100;Hard To Kill;Action;49;No
1989;118;Harlem Nights;Comedy;11;No
1992;121;Harper;Mystery;86;No
1989;117;Harry & Son;Drama;57;No
1950;104;Harvey;Comedy;42;No
1966;190;Hawaii;Drama;8;No
1947;56;Hawk of Powder River;Western;61;No
1989;105;Hawks;Drama;11;No
1986;90;Head Office;Comedy;88;No
1991;104;Hear My Song;Drama;72;No
1986;130;Heartbreak Ridge;War;61;No
1986;108;Heartburn;Comedy;57;No
1991;96;Hearts of Darkness, A Filmmaker's Apocalypse;Drama;72;No
1987;95;Hearts of Fire;Drama;25;No
1987;103;Heat;Mystery;69;No
1963;113;Heavens Above;Comedy;38;No
1949;115;Heiress, The;Drama;81;Yes
1987;88;Hell Comes to Frogtown;Science Fiction;74;No
1934;54;Hell Town;Western;23;No
1960;101;Heller in Pink Tights;Drama;52;No
1968;121;Hellfighters;Action;22;No
1991;90;Henry, Portrait of a Serial Killer;Horror;69;No
1988;94;Her Alibi;Comedy;80;No
1977;113;Heroes;Drama;17;No
1989;105;Hideaways;Comedy;16;No
1972;105;Hideaways, The;Comedy;42;No
1991;113;High Heels;Comedy;68;No
1973;105;High Plains Drifter;Western;57;No
1986;110;Highlander;Science Fiction;8;No
1990;98;Hiroshima;Drama;17;No
1953;92;His Majesty O'Keefe;Action;3;No
1992;60;Hollywood Mavericks;Comedy;22;No
1991;80;Hollywood's Greatest War Movies;War;41;No
1967;111;Hombre;Western;50;No
1993;95;Honeymoon in Vegas;Comedy;53;No
1982;123;Honkytonk Man;Drama;69;No
1991;142;Hook;Action;4;No
1986;114;Hoosiers;Drama;2;No
1987;118;Hope & Glory;War;3;No
1959;102;Horse Soldiers, The;Western;76;No
1987;85;Hot Child in the City;Mystery;0;No
1988;78;Hot Money;Drama;19;No
1987;93;Hot Pursuit;Drama;44;No
1990;120;Hot Spot;Drama;70;No
1988;83;Hot to Trot;Comedy;78;No
1968;88;Hour of the Wolf;Drama;37;No
1987;86;House of the Rising Sun;Drama;45;No
1988;111;House on Carroll Street, The;Mystery;6;No
1992;102;Housesitter;Comedy;14;No
1992;165;How the West Was Won;Western;45;No
1953;95;How to Marry a Millionaire;Comedy;65;No
1986;52;Howie Mandel's North American Watusi Tour;Comedy;65;No
1963;112;Hud;Drama;2;Yes
1954;90;Human Desire;Drama;27;No
1991;102;Hunchback;Drama;33;No
1990;135;Hunt for Red October, The;Drama;8;No
1992;97;Hunting;Mystery;68;No
1979;115;Hurricane;Action;8;No
1932;210;Hurricane Express, The;Action;68;No
1992;86;Hurricane Smith;Action;16;No
1992;108;Husbands & Wives;Comedy;80;No
1965;133;Hush, Hush, Sweet Charlotte;Mystery;68;No
1961;134;Hustler, The;Drama;43;Yes
1953;95;I Confess;Drama;63;No
1955;109;I Died a Thousand Times;Drama;23;No
1980;103;I Love All of You (Je Vous Aime);Drama;40;No
1976;109;I Will, I Will...For Now;Comedy;6;No
1991;101;I'm All Right Jack;Comedy;23;No
1951;166;Idiot, The;Drama;40;No
1991;89;If Looks Could Kill;Action;10;No
1952;134;Ikiru;Drama;36;No
1955;92;Il Bidone;Drama;70;No
1990;60;Immaculate Collection, The;Music;32;No
1990;109;Impulse;Mystery;23;No
1988;91;In a Shallow Grave;Drama;72;No
1989;116;In Country;Drama;76;No
1965;165;In Harm's Way;War;66;No
1940;90;In Old California;Western;27;No
1990;106;In Too Deep;Drama;50;No
1954;40;Inauguration of the Pleasure Dome;Short;62;No
1990;126;Indiana Jones & the Last Crusade;Action;8;No
1987;155;Indigo Autumn & Lilac Dream;Drama;72;No
1958;100;Indiscreet;Drama;1;No
1990;50;Industrial Symphony, The Dream of the Broken-Hearted;Music;49;No
1991;128;Inherit the Wind;Drama;18;No
1987;120;Innerspace;Science Fiction;41;No
1976;99;Inserts;Drama;85;No
1984;90;Inside Man, The;Action;45;No
1931;74;Inspiration;Drama;66;No
1986;101;Instant Justice;Drama;45;No
1991;102;Instant Karma;Comedy;47;No
1937;91;Intermezzo;Drama;32;No
1990;117;Internal Affairs;Drama;3;No
1978;126;International Velvet;Drama;40;No
1991;96;Intimate Stranger;Mystery;23;No
1987;114;Into the Homeland;Action;34;No
1985;115;Into the Night;Comedy;62;No
1987;135;Ironweed;Drama;32;No
1966;175;Is Paris Burning?;War;63;No
1977;104;Island of Dr. Moreau, The;Horror;54;No
1996;96;Island of Dr. Moreau, The;Horror;39;No
1993;104;It Started with a Kiss;Drama;80;No
1980;91;It's My Turn;Comedy;0;No
1987;73;J-Men Forever;Action;59;No
1955;57;Jack Benny Show;Comedy;51;No
1939;94;Jamaica Inn;Drama;75;No
1979;90;James Taylor in Concert;Music;38;No
1944;96;Jane Eyre;Drama;44;No
1975;124;Jaws;Action;6;No
1986;49;Jay Leno: The American Dream;Comedy;67;No
1986;120;Jean de Florette;Drama;87;Yes
1972;116;Jeremiah Johnson;Drama;88;No
1979;94;Jerk, The;Comedy;22;No
1957;112;Jet Pilot;Action;43;No
1985;106;Jewel of the Nile, The;Action;68;No
1991;206;JFK;Drama;78;No
1948;100;Joan of Arc;Drama;7;No
1971;88;Joe Kidd;Western;79;No
1987;60;Joe Piscopo New Jersey Special;Comedy;14;No
1991;60;Joe Piscopo Video, The;Comedy;44;No
1990;102;Joe Versus the Volcano;Comedy;17;No
1993;65;John Cleese on How to Irritate People;Comedy;62;No
1939;109;John Wayne Matinee Double Feature, No. 1;Western;30;No
1939;112;John Wayne Matinee Double Feature, No. 2;Western;3;No
1939;110;John Wayne Matinee Double Feature, No. 3;Western;24;No
1938;110;John Wayne Matinee Double Feature, No. 4;Western;28;No
1984;90;Johnny Dangerously;Comedy;3;No
1966;102;Johnny Tiger;Drama;69;No
1925;125;Joyless Street;Drama;73;No
1956;101;Jubal;Drama;32;No
1934;80;Judge Priest;Drama;9;No
1988;92;Judgement in Berlin;Drama;13;No
1961;190;Judgment at Nuremberg;Drama;39;Yes
1974;109;Juggernaut;Action;63;No
1992;95;Juice;Drama;31;No
1977;100;Julia;Drama;75;Yes
1953;120;Julius Caesar;Drama;50;No
1940;90;June Night;Drama;14;No
1980;161;Kagemusha;Drama;74;Yes
1987;94;Kandyland;Drama;41;No
1991;101;Keeper of the Flame;Drama;76;No
1970;146;Kelly's Heroes;War;84;No
1991;28;Kids & Pesticides;Drama;36;No
1992;97;Killer Image.;Mystery;8;No
1991;87;Killer Tomatoes Strike Back;Comedy;24;No
1955;67;Killer's Kiss;Mystery;66;No
1959;91;Killers of Kilimanjaro;Action;11;No
1984;141;Killing Fields, The;Drama;6;Yes
1956;83;Killing, The;Drama;51;No
1986;105;King Kong Lives!;Action;20;No
1982;108;King of Comedy;Drama;84;No
1991;56;King of the Pecos;Western;78;No
1976;176;Kings of the Road (In the Course of Time);Drama;41;No
1985;119;Kiss of the Spider Woman;Drama;10;Yes
1990;88;Kissing Place, The;Drama;41;No
1987;95;Kitchen Toto, THe;Drama;41;No
1971;114;Klute;Drama;15;Yes
1924;95;Kriemhild's Revenge, The Nibelungenlied;Drama;74;No
1991;98;L. A. Story;Comedy;81;No
1986;91;La Chevre, (The Goat);Drama;24;No
1961;140;La Dolce Vita;Drama;20;No
1991;117;La Femme Nikita;Drama;6;No
1992;61;Ladies of the Chorus;Music;60;No
1942;88;Lady for a Night;Drama;12;No
1941;85;Lady from Louisiana;Drama;38;No
1948;87;Lady from Shanghai;Mystery;16;No
1940;81;Lady in Question;Drama;57;No
1938;96;Lady Vanishes;Mystery;27;No
1985;121;Ladyhawke;Adventure;68;No
1955;87;Ladykillers, The;Comedy;28;No
1988;93;Lair of the White Worm, The;Horror;16;No
1943;90;Lassie Come Home;Drama;79;No
1987;164;Last Emperor, The;Drama;1;Yes
1991;125;Last Hurrah, The;Drama;46;No
1980;135;Last Metro, The;Drama;66;No
1971;108;Last Movie, The;Drama;22;No
1973;119;Last of Sheila, The;Mystery;39;No
1972;98;Last of the Red Hot Lovers;Comedy;40;No
1971;118;Last Picture Show, The;Drama;62;Yes
1979;180;Last Ride of the Dalton Gang, The;Western;62;No
1973;127;Last Tango in Paris;Drama;28;No
1988;163;Last Temptation of Christ, The;Drama;32;No
1991;117;Last Time I Saw Paris, The;Drama;13;No
1992;87;Law & Jake Wade, The;Drama;68;No
1940;57;Law & Order;Western;87;No
1987;100;Law of Desire;Drama;73;No
1949;59;Law of the Golden West;Western;1;No
1947;53;Law of the Lash;Western;66;No
1992;59;Lawless Frontier;Western;8;No
1991;52;Lawless Frontier, The;Western;35;No
1991;56;Lawless Nineties, The;Western;3;No
1972;100;Le Charme Discret de la Bourgeoisie;Comedy;4;Yes
1983;114;Le Choix des Armes;Mystery;15;No
1983;90;Le Dernier Combat;Drama;72;No
1962;100;Le Repos Du Guerrier, (Warrior's Rest);War;8;No
1989;109;Lean on Me;Drama;51;No
1992;102;Left Handed Gun, The;Western;26;No
1986;116;Legal Eagles;Comedy;39;No
1986;89;Legend;Science Fiction;42;No
1957;109;Legend of the Lost;Action;84;No
1985;109;Les Comperes;Comedy;54;No
1989;86;Let It Ride;Comedy;88;No
1988;75;Let It Rock;Drama;32;No
1989;113;Lethal Weapon 2;Action;69;No
1936;89;Libeled Lady;Comedy;86;No
1972;124;Life & Times of Judge Roy Bean, The;Western;65;No
1947;118;Life with Father;Comedy;10;No
1987;101;Like Father Like Son;Comedy;20;No
1963;93;Lilies of the Field;Drama;36;Yes
1976;150;Lindbergh Kidnapping Case, The;Drama;51;No
1968;134;Lion in Winter, THe;Drama;78;Yes
1987;104;Lionheart;Action;9;No
1988;360;Little Dorrit;Drama;12;No
1974;89;Little Prince, The;Music;31;No
1991;115;Little Women;Drama;22;No
1990;60;Live at Harrah's;Comedy;6;No
1983;112;Local Hero;Comedy;54;No
1926;66;Lodger (Story of the London Fog);Mystery;76;No
1962;150;Lolita;Drama;80;No
1943;60;Lone Star Trail, The;Western;27;No
1988;120;Lonely Passion of Judith Hearne, The;Drama;24;No
1992;137;Long Gray Line, The;Drama;26;No
1954;108;Long John Silver;Action;56;No
1940;105;Long Voyage Home, The;Drama;88;No
1962;183;Longest Day, The;War;7;No
1981;94;Looker;Science Fiction;62;No
1977;136;Looking for Mr. Goodbar;Drama;54;No
1982;101;Losin' It;Comedy;4;No
1987;97;Lost Boys, The;Horror;67;No
1980;110;Loulou;Drama;65;No
1975;82;Love & Death;Comedy;84;No
1986;108;Love Songs;Drama;15;No
1948;98;Loves of Carmen, The;Drama;48;No
1983;98;Lovesick;Comedy;51;No
1934;54;Lucky Texan;Western;48;No
1949;90;Lust for Gold;Drama;57;No
1992;112;Macbeth;Drama;45;No
1973;100;Mackintosh Man, The;Action;65;No
1977;105;Madame Rosa;Drama;11;Yes
1987;102;Made in Heaven;Fantasy;57;No
1957;99;Mademoiselle Striptease;Comedy;25;No
1987;50;Madonna Live, The Virgin Tour;Music;75;No
1990;5;Madonna, Justify My Love;Music;77;No
1991;16;Madonna, Like a Virgin;Music;63;No
1991;118;Madonna, Truth or Dare;Music;54;No
1978;106;Magic;Mystery;85;No
1991;101;Magic Christian, The;Comedy;75;No
1947;103;Magic Town;Drama;4;No
1959;100;Magician, The;Drama;3;No
1973;122;Magnum Force;Action;28;No
1976;112;Maitresse;Drama;39;No
1989;107;Major League;Comedy;64;No
1941;56;Man from Montana;Western;85;No
1991;130;Man of La Mancha;Music;55;No
1970;91;Man Who Haunted Himself, The;Drama;75;No
1956;120;Man Who Knew Too Much, The;Mystery;15;No
1973;127;Man Who Loved Cat Dancing, The;Western;40;No
1983;118;Man Who Loved Women, The;Comedy;67;No
1962;123;Man Who Shot Liberty Valance, The;Western;85;No
1975;129;Man Who Would Be King, The;Drama;6;No
1974;127;Man with the Golden Gun, The;Action;41;No
1983;90;Man with Two Brains, The;Comedy;68;No
1979;96;Manhattan;Comedy;82;Yes
1984;83;Manhunt, The;Action;34;No
1986;120;Manhunter;Drama;19;No
1929;129;Manxman, The;Drama;65;No
1980;97;Marathon;Comedy;76;No
1985;96;Marbella;Action;45;No
1977;107;March or Die;War;59;No
1964;130;Marnie;Drama;2;No
1989;104;Married to the Mob;Comedy;8;No
1991;116;Marrying Man, The;Comedy;84;No
1977;102;Mary White;Drama;2;No
1966;95;Masculine Feminine;Drama;20;No
1989;83;Masque of the Red Death;Horror;9;No
1931;91;Mata Hari;Drama;67;No
1958;101;Matchmaker, The;Comedy;67;No
1987;130;Matewan;Drama;81;No
1989;30;Matt Talbot;Drama;35;No
1987;139;Maurice;Drama;45;No
1959;60;Maverick, Duel at Sundown;Western;26;No
1986;97;Maximum Overdrive;Horror;40;No
1974;111;Mc Q;Action;73;No
1992;112;McQ;Action;5;No
1992;106;Medicine Man;Action;6;No
1955;60;Meet Millie;Drama;82;No
1991;119;Meeting Venus;Comedy;74;No
1992;99;Memoirs of an Invisible Man;Comedy;58;No
1990;115;Men Don't Leave;Drama;66;No
1950;85;Men, The;Drama;27;No
1970;89;Menace on the Mountain;Action;69;No
1981;132;Mephisto;Drama;80;Yes
1990;103;Meridian;Science Fiction;47;No
1979;105;Meteor;Action;5;No
1926;139;Metropolis;Science Fiction;49;No
1989;103;Miami Cops;Action;40;No
1969;123;Midnight Cowboy;Drama;33;Yes
1976;132;Midway;War;36;No
1988;108;Miles from Home;Drama;53;No
1989;60;Minsky's Follies;Comedy;12;No
1990;123;Misery;Horror;48;Yes
1982;122;Missing;Drama;30;No
1986;125;Mission, The;Drama;20;No
1988;120;Mississippi Burning;Drama;41;Yes
1955;116;Mister Roberts;Comedy;8;Yes
1987;87;Mistress;Drama;36;No
1990;129;Mo' Better Blues;Drama;78;No
1990;110;Modern Love;Comedy;18;No
1936;87;Modern Times;Comedy;4;No
1953;116;Mogambo;Action;71;No
1970;123;Molly Maguires, The;Action;3;No
1980;123;Mon Oncle D'Amerique;Comedy;71;No
1989;88;Money, The;Drama;29;No
1986;87;Monster in the Closet;Comedy;39;No
1970;99;Monte Walsh;Western;29;No
1974;89;Monty Python & the Holy Grail;Comedy;83;No
1982;81;Monty Python Live at the Hollywood Bowl;Comedy;81;No
1986;60;Monty Python's Flying Circus;Comedy;4;No
1986;60;Monty Python's Flying Circus, Vol 1.;Comedy;24;No
1986;59;Monty Python's Flying Circus, Vol 2.;Comedy;79;No
1986;58;Monty Python's Flying Circus, Vol 3.;Comedy;63;No
1979;94;Monty Python's Life of Brian;Comedy;11;No
1983;107;Monty Python's the Meaning of Life;Comedy;33;No
1979;128;Moonraker;Action;32;No
1987;103;Moonstruck;Comedy;6;Yes
1965;123;Morituri;Drama;9;No
1986;100;Morning After, The;Mystery;6;No
1986;119;Mosquito Coast, The;Drama;54;No
1982;101;Mother Lode;Action;40;No
1986;91;Mr Love.;Comedy;10;No
1941;95;Mr. & Mrs. Smith;Comedy;3;No
1955;100;Mr. Arkadin;Drama;80;No
1973;87;Ms. Don Juan;Drama;39;No
1953;91;Mummy's Revenge, The;Horror;56;No
1930;95;Murder;Mystery;50;No
1974;128;Murder on the Orient Express;Mystery;8;Yes
1962;182;Mutiny on the Bounty;Action;35;No
1927;78;My Best Girl;Drama;31;No
1990;96;My Blue Heaven;Comedy;63;No
1972;15;My Country Right or Wrong;War;21;No
1946;97;My Darling Clementine;Western;12;No
1964;170;My Fair Lady;Music;10;Yes
1989;103;My Left Foot;Drama;32;Yes
1987;101;My Life As a Dog;Comedy;21;No
1985;94;My Science Project;Comedy;84;No
1928;96;Mysterious Lady, The;Drama;72;No
1935;60;Mysterious Mr. Wong;Mystery;71;No
1937;60;Mystery of the Hooded Horsemen;Western;52;No
1990;110;Mystery Train;Comedy;23;No
1988;101;Mystic Pizza;Comedy;74;No
1988;83;Nadine;Comedy;47;No
1988;90;Naked Gun: From the Files of Police Squad!, THe;Comedy;9;No
1989;94;Naked Lie;Drama;7;No
1955;95;Naked Night, The;Drama;38;No
1992;85;Naked Obsession;Mystery;26;No
1993;92;Naked Truth, The;Comedy;34;No
1986;128;Name of the Rose, The;Drama;8;No
1972;92;Napoleon & Samantha;Comedy;33;No
1991;40;National Enquirer, The Untold Story;Music;65;No
1989;97;National Lampoon's Christmas Vacation;Comedy;81;No
1991;54;Neath the Arizona Skies;Western;28;No
1991;108;Necessary Roughness;Comedy;60;No
1976;116;Network;Comedy;48;Yes
1960;91;Never Let Go;Action;5;No
1989;90;Never on Tuesday;Drama;77;No
1983;134;Never Say Never Again;Action;8;No
1991;97;New Jack City;Action;80;No
1989;90;New Year's Day;Comedy;88;No
1991;119;New York Stories;Comedy;6;No
1977;137;New York, New York;Drama;8;No
1989;109;Next of Kin;Mystery;63;No
1991;95;Night Gallery;Horror;31;No
1947;87;Night Is My Future;Drama;17;No
1992;128;Night on Earth;Drama;24;No
1988;84;Night Tide;Drama;50;No
1988;102;Night Train to Katmandu, THe;Action;43;No
1990;102;Nightbreed;Horror;72;No
1988;96;Nightmare at Noon;Action;0;No
1989;89;Nightmare on Elm Street, Pt. 5, The Dream Child;Horror;41;No
1987;96;Nights in White Satin;Drama;5;No
1986;117;Nine & a Half Weeks;Drama;7;No
1979;120;Nineteen Forty-One;Comedy;24;No
1977;255;Nineteen Hundred;Drama;82;No
1987;90;Ninja Masters of Death;Action;15;No
1939;108;Ninotchka;Comedy;40;No
1986;108;No Mercy;Drama;11;No
1946;110;No Regrets for Our Youth;Drama;31;No
1984;102;No Small Affair;Comedy;10;No
1986;108;Nobody's Fool;Comedy;52;No
1979;110;Norma Rae;Drama;64;Yes
1991;135;North by Northwest;Mystery;20;No
1960;122;North to Alaska;Western;31;No
1940;127;Northwest Passage;Action;51;No
1991;106;Not Without My Daughter;Drama;55;No
1991;94;Nothing But Trouble;Comedy;25;No
1946;101;Notorious;Mystery;42;No
1990;97;Novice, The;Comedy;72;No
1932;66;Number Seventeen;Crime;66;No
1987;100;Nuts;Drama;52;No
1987;109;O. C. & Stiggs;Comedy;3;No
1983;140;Octopussy;Action;68;No
1993;108;Offence, The;Mystery;6;No
1985;112;Official Story, The;Drama;39;Yes
1939;96;Old Maid, The;Drama;18;No
1970;129;On a Clear Day You Can See Forever;Music;67;No
1981;109;On Golden Pond;Drama;23;Yes
1969;135;On Her Majesty's Secret Service;Action;66;No
1986;221;On Wings of Eagles;Drama;53;No
1989;114;Once Around;Comedy;68;No
1986;94;One Crazy Summer;Comedy;61;No
1961;141;One Eyed Jacks;Western;26;No
1935;64;One Frightened Night;Horror;33;No
1969;110;One Hundred Rifles;Western;48;No
1985;97;One Woman or Two;Comedy;64;No
1939;87;Only One Night;Drama;26;No
1975;85;Only Way Home, The;Drama;60;No
1992;116;Operation Crossbow;Action;1;No
1987;85;Operation Nam;War;37;No
1951;111;Operation Pacific;War;5;No
1987;116;Orphans;Drama;21;No
1982;208;Othello;Drama;84;No
1952;93;Othello, The Lost Masterpiece;Drama;23;No
1991;91;Out for Justice;Action;2;No
1985;161;Out of Africa;Drama;88;Yes
1980;94;Out of the Blue;Drama;4;No
1985;96;Out of the Darkness;Mystery;86;No
1964;51;Outer Limits, The;Science Fiction;27;No
1981;111;Outland;Science Fiction;7;No
1949;66;Outlaw Country;Western;62;No
1983;91;Outsiders, The;Drama;56;No
1987;112;Overboard;Comedy;6;No
1938;55;Overland Stage Raiders;Western;83;No
1983;98;Packin' It In;Comedy;8;No
1969;161;Paint Your Wagon;Music;46;No
1934;85;Painted Veil, The;Drama;57;No
1985;116;Pale Rider;Western;45;No
1938;55;Pals of the Saddle;Western;33;No
1973;103;Paper Moon;Comedy;3;Yes
1986;71;Paramount Comedy Theater: Well-Developed;Comedy;40;No
1961;98;Paris Blues;Drama;54;No
1991;99;Paris Trout;Drama;53;No
1984;150;Paris, Texas;Drama;27;No
1968;105;Partner;Drama;26;No
1992;99;Party Girl;Comedy;85;No
1975;118;Passenger, The;Drama;32;No
1969;101;Passion of Anna, The;Drama;6;No
1952;95;Pat & Mike;Comedy;48;No
1957;89;Paths of Glory;Drama;47;No
1992;117;Patriot Games;Action;28;No
1970;170;Patton;War;8;Yes
1986;103;Peggy Sue Got Married;Drama;62;No
1988;138;Pelle the Conqueror;Drama;14;Yes
1987;91;Penitentiary III;Action;82;No
1989;91;Penn & Teller Get Killed;Comedy;12;No
1971;74;People, The;Drama;36;No
1980;86;Pepi Luci Bom;Comedy;66;No
1988;92;Permanent Record;Drama;42;No
1966;81;Persona;Drama;81;Yes
1992;52;Persuaders, The Overture, The;Mystery;40;No
1989;103;Pet Sematary;Horror;27;No
1988;89;Phantom of the Ritz;Horror;85;No
1991;113;Philadelphia Story, The;Comedy;25;No
1989;99;Picasso Trigger;Action;20;No
1989;122;Pink Cadillac;Comedy;12;No
1991;121;Pink Panther, The;Comedy;77;No
1949;60;Pioneer Marshal;Western;8;No
1987;90;PK. & the Kid.;Drama;49;No
1984;112;Places in the Heart;Drama;83;Yes
1988;98;Plain Clothes;Comedy;4;No
1987;93;Planes, Trains & Automobiles;Comedy;73;No
1986;120;Platoon;Drama;8;Yes
1972;86;Play It Again, Sam;Comedy;81;No
1971;102;Play Misty for Me;Mystery;47;No
1985;124;Plenty;Drama;9;No
1972;100;Pocket Money;Comedy;55;No
1986;84;Police Academy 3: Back in Training;Comedy;6;No
1988;90;Police Academy 5: Assignment Miami Beach;Comedy;59;No
1989;84;Police Academy 6: City under Siege;Comedy;29;No
1981;86;Polyester;Comedy;68;No
1992;111;Pope of Greenwich Village;Drama;58;No
1948;100;Port of Call;Drama;29;No
1975;94;Posse;Western;76;No
1990;101;Postcards from the Edge;Comedy;63;No
1992;121;Postman Always Rings Twice, The;Mystery;24;No
1970;93;Powderkeg;Western;26;No
1985;111;Power;Drama;43;No
1991;105;Predator 2;Action;79;No
1988;97;Presidio, The;Action;4;No
1990;127;Presumed Innocent;Mystery;69;No
1986;96;Pretty in Pink;Drama;75;No
1990;119;Pretty Woman;Comedy;43;No
1987;105;Prettykill;Drama;71;No
1990;94;Priceless Beauty;Science Fiction;7;No
1990;92;Primal Rage;Mystery;3;No
1977;120;Prince & the Pauper, The;Action;86;No
1991;108;Prisoner of Honor.;Drama;58;No
1979;108;Prisoner of Zenda, The;Comedy;12;No
1980;110;Private Benjamin;Comedy;61;No
1992;136;Prize, The;Drama;66;No
1985;130;Prizzi's Honor;Comedy;25;Yes
1968;90;Producers, The;Comedy;33;No
1987;91;Programmed to Kill;Action;71;No
1990;97;Prom Night III, The Last Kiss;Horror;29;No
1984;100;Protocol;Comedy;53;No
1960;109;Psycho;Horror;56;No
1989;90;Puppet Master;Science Fiction;20;No
1985;84;Purple Rose of Cairo, The;Comedy;20;Yes
1974;313;QB VII;Drama;28;Yes
1970;90;Quackser Fortune Has a Cousin in the Bronx;Comedy;49;No
1933;97;Queen Christina;Drama;82;No
1987;91;Quick & The Dead, The;Western;40;No
1990;89;Quick Change;Comedy;24;No
1992;153;Quiet Man, The;Drama;74;No
1966;103;Quiller Memorandum, The;Mystery;34;No
1979;110;Quintet;Drama;19;No
1989;122;Quo Vadis;Drama;6;No
1977;91;Rabid;Horror;34;No
1968;102;Rachel, Rachel;Drama;32;No
1984;109;Racing with the Moon;Drama;50;No
1929;68;Racketeer;Drama;2;No
1986;94;RAD;Action;75;No
1981;116;Raiders of the Lost Ark;Action;8;No
1990;94;Rain Killer, The;Mystery;10;No
1988;134;Rain Man;Drama;8;Yes
1969;102;Rain People, The;Drama;78;No
1989;104;Rainbow, The;Drama;53;No
1956;121;Rainmaker, The;Drama;21;No
1957;173;Raintree County;Drama;74;No
1987;94;Raising Arizona;Comedy;23;No
1991;53;Randy Rides Alone;Western;75;No
1993;58;Range Feud;Western;77;No
1949;60;Ranger of the Cherokee Strip;Western;31;No
1984;90;Ransom;Drama;73;No
1989;95;Rape of the Sabines, The;Action;83;No
1951;83;Rashomon;Drama;59;Yes
1986;105;Ratboy;Drama;1;No
1984;102;Ratings Game, The;Comedy;21;No
1963;86;Raven, The;Horror;85;No
1964;99;Ravishing Idiot, The;Comedy;34;No
1991;91;Raw Nerve;Mystery;88;No
1959;60;Rawhide, Premiere Episode;Western;54;No
1942;123;Reap the Wild Wind;Drama;59;No
1954;113;Rear Window;Mystery;25;No
1940;130;Rebecca;Drama;78;Yes
1969;80;Rebel Rousers;Action;44;No
1955;111;Rebel Without a Cause;Drama;82;No
1984;93;Reckless;Drama;14;No
1992;134;Red River;Western;16;No
1990;90;Red Sonja;Action;40;No
1971;121;Red Tent, The;Action;7;No
1981;195;Reds;Drama;76;Yes
1967;109;Reflections in a Golden Eye;Drama;81;No
1993;76;Return Engagement;Drama;26;No
1982;111;Return of Martin Guerre, The;Drama;51;No
1948;89;Return of October;Comedy;35;No
1983;132;Return of the Jedi;Science Fiction;4;No
1992;53;Return of the Lash;Action;78;No
1983;101;Reuben, Reuben;Comedy;2;No
1990;111;Reversal of Fortune;Drama;73;Yes
1991;97;Rhapsody in August;Drama;50;No
1932;92;Rich & Strange;Drama;57;No
1966;82;Ride in the Whirlwind;Western;26;No
1991;52;Riders of Destiny;Western;30;No
1940;56;Riders of Pasco Basin;Western;17;No
1992;95;Riff Raff;Comedy;71;No
1950;105;Rio Grande;Western;64;No
1983;99;Risky Business;Comedy;28;No
1987;94;Rita, Sue & Bob Too;Comedy;5;No
1987;99;River's Edge;Drama;3;No
1962;91;Road to Hong Kong;Comedy;37;No
1984;96;Roadhouse Sixty-Six;Action;20;No
1976;106;Robin & Marian;Action;6;No
1991;144;Robin Hood: Prince of Thieves;Action;8;No
1991;65;Robin Williams;Comedy;4;No
1988;100;Rocket Gibraltar;Drama;26;No
1976;90;Rocky;Drama;78;Yes
1975;105;Rocky Horror Picture Show, The;Music;59;No
1980;92;Rodeo Girl;Drama;80;No
1985;88;Roller Blade;Action;31;No
1972;129;Roma;Drama;75;No
1930;76;Romance;Drama;62;No
1984;106;Romancing the Stone;Action;83;No
1993;103;Romantic Comedy;Comedy;8;No
1962;119;Rome Adventure;Drama;39;No
1992;101;Romulus & the Sabines;Action;76;No
1990;121;Rookie, THe;Action;48;No
1975;107;Rooster Cogburn;Western;76;No
1948;81;Rope;Drama;39;No
1985;55;Rowlf's Rhapsodies with the Muppets;Comedy;79;No
1987;107;Roxanne;Comedy;66;No
1983;94;Rumble Fish;Drama;4;No
1985;94;Rumor Mill, The;Drama;62;No
1987;101;Running Man, The;Science Fiction;31;No
1986;90;Running Mates;Drama;63;No
1988;116;Running on Empty;Drama;2;No
1986;88;Running Out of Luck;Comedy;16;No
1991;124;Russia House, The;Drama;3;No
1966;127;Russians Are Coming, the Russians Are, The;Comedy;79;Yes
1987;98;Russkies;Action;87;No
1986;93;Ruthless People;Comedy;84;No
1970;194;Ryan's Daughter;Drama;81;Yes
1936;77;Sabotage;Mystery;74;No
1979;198;Sacketts, The;Western;86;No
1988;89;Salome's Last Dance;Comedy;76;No
1988;96;Salsa: The Motion Picture;Drama;26;No
1986;122;Salvador;Drama;77;No
1987;100;Sammy & Rosie Get Laid;Drama;6;No
1984;95;Samson & Delilah;Drama;36;No
1949;110;Sands of Iwo Jima;War;72;No
1962;96;Sanjuro;Mystery;6;No
1943;82;Sanshiro Sugata;Drama;85;No
1985;104;Santa Claus, The Movie;Comedy;19;No
1973;93;Santee;Western;47;No
1989;150;Sara Dane;Drama;75;No
1989;90;Savage Intruder, The;Horror;24;No
1972;78;Say Goodbye Maggie Cole;Drama;84;No
1957;147;Sayonara;Drama;19;Yes
1968;100;Scalphunters, The;Western;33;No
1981;104;Scanners;Horror;32;No
1972;90;Scarlet Letter, The;Drama;55;No
1945;103;Scarlet Street;Drama;80;No
1991;87;Scenes from a Mall;Comedy;8;No
1989;114;School Daze;Comedy;18;No
1983;86;Scream;Horror;24;No
1988;101;Scrooged;Comedy;15;No
1979;95;Scum;Action;68;No
1955;117;Sea Chase, The;War;4;No
1991;132;Sea of Grass, The;Western;75;No
1956;119;Searchers, The;Western;9;No
1974;90;Second Coming of Suzanne., The;Drama;21;No
1992;98;Secret Admirer;Comedy;55;No
1936;84;Secret Agent;Mystery;50;No
1948;99;Secret Beyond the Door;Mystery;31;No
1968;109;Secret Ceremony;Drama;60;No
1987;110;Secret of My Success, The;Comedy;5;No
1982;101;Secret Policeman's Other Ball, The;Comedy;86;No
1984;77;Secret Policeman's Private Parts, The;Comedy;36;No
1952;107;Secrets of Women;Comedy;66;No
1989;119;See You in the Morning;Drama;53;No
1980;102;Seems Like Old Times;Comedy;49;No
1989;93;Seizure;Horror;59;No
1991;193;Separate but Equal;Drama;56;No
1986;88;Seven Minutes in Heaven;Comedy;49;No
1955;200;Seven Samurai;Drama;9;No
1940;83;Seven Sinners;Drama;24;No
1991;111;Seventh Cross, The;Drama;35;No
1956;96;Seventh Seal, The;Drama;62;No
1989;101;Sex, Lies, and Videotape;Drama;70;Yes
1943;108;Shadow of a Doubt;Drama;32;No
1932;226;Shadow of the Eagle, The;Action;19;No
1949;59;Shadows of the West;Western;40;No
1968;113;Shalako;Westerns;0;No
1975;109;Shampoo;Comedy;69;Yes
1949;93;She Wore a Yellow Ribbon;Western;84;No
1989;99;She-Devil;Comedy;43;No
1988;106;She's Having a Baby;Comedy;18;No
1992;139;Sheltering Sky, The;Drama;64;No
1992;133;Shining Through;Mystery;11;No
1980;144;Shining, The;Horror;32;No
1989;108;Shirley Valentine;Comedy;51;No
1991;94;Shock 'em Dead;Horror;31;No
1966;101;Shoot Loud, Louder, I Don't Understand!;Mystery;70;No
1992;96;Shooting Elizabeth;Mystery;5;No
1965;128;Shop on Main Street, The;Drama;37;Yes
1987;118;Shy People;Drama;7;No
1924;110;Siegfried, The Nibelungenlied;Drama;79;No
1987;97;Siesta;Drama;48;No
1991;118;Silence of the Lambs, The;Mystery;8;Yes
1963;95;Silence, The;Drama;79;No
1978;88;Silent Movie;Comedy;27;No
1983;131;Silkwood;Drama;52;No
1929;74;Single Standard, The;Drama;73;No
1982;107;Six Weeks;Drama;73;No
1989;80;Skull;Drama;19;No
1977;123;Slap Shot;Comedy;82;No
1973;88;Sleeper;Comedy;59;No
1956;99;Slightly Scarlet;Action;52;No
1991;76;Slumber Party Massacre III;Horror;40;No
1988;81;Smallest Show on Earth, The;Comedy;24;No
1955;108;Smiles of a Summer Night;Comedy;58;No
1969;101;Smith!;Western;62;No
1990;94;Snow Kill;Drama;35;No
1941;117;So Ends Our Night;Drama;2;No
1981;91;So Fine;Comedy;17;No
1984;96;Soggy Bottom U. S. A.;Comedy;50;No
1987;93;Some Kind of Wonderful;Drama;16;No
1956;97;Somebody up There Likes Me;Drama;56;No
1971;115;Sometimes a Great Notion;Drama;7;No
1991;145;Sophia Loren, Her Own Story;Drama;49;No
1982;151;Sophie's Choice;Drama;64;Yes
1965;172;Sound of Music, The;Music;59;Yes
1988;87;Souvenir;Drama;42;No
1960;185;Spartacus;Drama;67;Yes
1991;92;Spencer Tracy Legacy, The;Comedy;44;No
1970;97;Spider's Stratagem;Drama;45;No
1920;137;Spiders;Drama;29;No
1928;130;Spies;Drama;49;No
1988;96;Split Decisions;Drama;52;No
1977;136;Spy Who Loved Me, The;Action;27;No
1987;106;Squeeze, The;Action;23;No
1973;87;Stacey!;Action;31;No
1950;110;Stage Fright;Mystery;72;No
1987;115;Stakeout;Comedy;13;No
1988;103;Stand & Deliver;Drama;19;No
1939;101;Stanley & Livingstone;Action;11;No
1983;109;Star Chamber, The;Drama;3;No
1989;107;Star Trek V: The Final Frontier;Action;87;No
1991;110;Star Trek VI: The Undiscovered Country;Science Fiction;11;No
1977;121;Star Wars;Science Fiction;44;No
1985;95;Stark;Mystery;27;No
1970;91;Start the Revolution Without Me;Comedy;62;No
1991;144;State of Grace;Drama;49;No
1982;120;State of Things, The;Drama;73;No
1971;84;Statue, The;Drama;80;No
1974;117;Stavisky;Drama;1;No
1988;98;Stealing Home;Drama;76;No
1989;118;Steel Magnolias;Drama;66;No
1974;105;Steppenwolf;Drama;20;No
1986;60;Steve Martin Live!;Comedy;3;No
1974;60;Steve Martin, The Funnier Side of Eastern Canada;Comedy;34;No
1986;84;Stewardess School;Comedy;28;No
1973;129;Sting, The;Drama;83;Yes
1980;111;Stir Crazy;Comedy;40;No
1988;100;Storm;Action;61;No
1987;86;Straight to Hell;Action;47;No
1983;91;Strange Brew;Comedy;24;No
1951;101;Strangers on a Train;Mystery;17;No
1976;92;Street People;Action;25;No
1989;93;Streets of Fire;Action;65;No
1991;83;Strictly Business;Comedy;3;No
1989;83;Stripped to Kill II, Live Girls;Mystery;80;No
1950;107;Stromboli;Drama;69;No
1985;104;Subway;Drama;6;No
1974;109;Sugarland Express, The;Drama;28;No
1986;98;Summer;Comedy;11;No
1990;92;Sun Shines Bright, The;Action;46;No
1962;110;Sundays & Cybele;Drama;11;Yes
1975;103;Sunshine Boys, The;Comedy;35;Yes
1991;60;Super Duper Bloopers;Comedy;21;No
1987;90;Superman IV: The Quest for Peace;Action;77;No
1978;145;Superman, The Movie;Action;87;No
1987;83;Surf Nazis Must Die;Horror;50;No
1987;95;Surrender;Comedy;84;No
1992;85;Survival Zone;Action;25;No
1983;102;Survivors, The;Comedy;52;No
1931;84;Susan Lennox, Her Fall & Rise;Drama;64;No
1935;90;Swedenhielms;Drama;88;No
1986;107;Sweet Liberty;Comedy;12;No
1957;97;Sweet Smell of Success;Drama;12;No
1937;59;Swing It Sailor!;Comedy;6;No
1937;61;Swing It, Sailor!;Comedy;83;No
1984;100;Swing Shift;Drama;81;No
1984;102;Sword of the Valiant;Action;5;No
1953;120;Tales of Tomorrow;Horror;0;No
1981;127;Taming of the Shrew, The;Drama;2;No
1989;104;Tango & Cash;Action;9;No
1981;118;Taps;Drama;84;No
1984;101;Target Eagle;Action;14;No
1984;140;Tartuffe;Comedy;67;No
1956;124;Teahouse of the August Moon;Drama;11;No
1985;95;Teen Wolf;Drama;58;No
1928;148;Tempest;Drama;33;No
1979;121;Ten;Comedy;60;No
1983;93;Tender Mercies;Drama;61;Yes
1977;90;Tentacles;Horror;62;No
1988;116;Tequila Sunrise;Mystery;50;No
1991;136;Terminator 2;Action;8;No
1984;108;Terminator, The;Action;17;No
1983;132;Terms of Endearment;Drama;32;Yes
1963;81;Terror, The;Horror;88;No
1975;89;Terrorists, The;Action;4;No
1991;118;Test Pilot;Drama;13;No
1933;120;Testament of Dr. Mabuse, The;Drama;4;No
1937;60;Tex Rides with the Boy Scouts;Western;17;No
1941;94;Texas;Western;79;No
1975;93;That Lucky Touch;Action;85;No
1958;77;That Naughty Girl;Comedy;37;No
1970;94;There's a Girl in My Soup;Comedy;41;No
1975;87;They Came from Within;Horror;21;No
1945;135;They Were Expendable;War;88;No
1970;94;Think Dirty;Comedy;31;No
1967;85;Thirty Is a Dangerous Age, Cynthia;Comedy;28;No
1944;139;Thirty Seconds over Tokyo;War;45;No
1935;88;Thirty-Nine Steps, The;Science Fiction;8;No
1990;45;This Is Horror;Horror;3;No
1969;125;Those Daring Young Men in Their Jaunty;Comedy;59;No
1975;117;Three Days of the Condor;Drama;87;No
1948;103;Three Godfathers;Western;72;No
1949;84;Three Strange Loves;Drama;87;No
1957;110;Throne of Blood;Drama;60;No
1962;91;Through a Glass Darkly;Drama;64;Yes
1937;60;Throwback, The;Western;53;No
1988;141;Thunderball;Action;8;No
1991;114;Thunderbolt & Lightfoot;Action;16;No
1937;71;Ticket of Leave Man, The;Mystery;45;No
1990;111;Tie Me Up! Tie Me Down!;Comedy;68;No
1992;118;Tightrope;Mystery;55;No
1981;117;Time Bandits;Comedy;5;No
1957;73;Time Lock;Drama;5;No
1960;103;Time Machine, The;Science Fiction;88;No
1987;112;Tin Men;Comedy;50;No
1955;103;To Catch a Thief;Mystery;69;No
1991;87;To Die Standing;Action;53;No
1950;93;To Joy;Drama;65;No
1985;114;To Live & Die in L. A.;Action;70;No
1993;102;Today We Kill....Tomorrow We Die;Western;25;No
1988;99;Tokyo Pop;Comedy;2;No
1964;120;Tom Jones;Drama;39;Yes
1973;102;Tom Sawyer;Music;11;No
1958;92;Tom Thumb;Science Fiction;30;No
1992;286;Tommy;Music;5;No
1946;105;Tomorrow Is Forever;Drama;65;No
1961;66;Tonight for Sure;Comedy;4;No
1989;91;Too Beautiful for You;Drama;35;No
1982;116;Tootsie;Comedy;8;Yes
1986;109;Top Gun;Action;8;No
1969;126;Topaz;Mystery;12;No
1986;85;Torment;Horror;8;No
1990;95;Torn Apart;Drama;8;No
1966;125;Torn Curtain;Mystery;35;No
1958;96;Torpedo Run;War;50;No
1990;113;Total Recall;Action;8;No
1988;91;Track Twenty-Nine;Drama;48;No
1982;117;Tragedy of a Ridiculous Man;Drama;17;No
1992;133;Train, The;Action;68;No
1990;98;Trapper County War;Action;5;No
1970;110;Trash;Comedy;68;No
1979;88;Treasure Seekers, The;Action;2;No
1986;98;Trick or Treat;Horror;47;No
1985;108;Trip to Bountiful, The;Drama;62;Yes
1967;85;Trip, The;Drama;64;No
1989;120;Triumph of the Spirit;Drama;49;No
1955;100;Trouble with Harry, The;Mystery;28;No
1969;128;True Grit;Western;77;Yes
1986;89;True Stories;Comedy;79;No
1988;110;Tucker: The Man & His Dream;Drama;68;No
1990;90;Twenty Four Hours in a Woman's Life;Drama;16;No
1977;146;Twilight's Last Gleaming;Drama;84;No
1989;113;Twin Peaks;Mystery;86;No
1988;107;Twins;Comedy;23;No
1970;105;Two Mules for Sister Sara;Western;36;No
1953;92;Two Nights with Cleo;Drama;54;No
1961;100;Two Women;Drama;83;Yes
1991;84;Two-Way Stretch;Comedy;7;No
1990;83;U S. Sub Standard.;Comedy;27;No
1953;94;Ugetsu Monogatari;Drama;82;No
1963;120;Ugly American, The;Drama;63;No
1966;103;Un Hombre y una Mujer;Drama;6;Yes
1988;172;Unbearable Lightness of Being, The;Drama;5;Yes
1949;117;Under Capricorn;Drama;74;No
1987;95;Under Cover;Mystery;36;No
1987;98;Under the Sun of Satan;Drama;45;No
1984;96;Unfaithfully Yours;Comedy;73;No
1960;123;Unforgiven, The;Drama;32;No
1992;104;Unnamable II, The Statement of Randolph Carter, The;Drama;36;No
1988;109;Unsettled Land;Drama;75;No
1991;158;Until the End of the World;Drama;57;No
1992;95;Until They Sail;Drama;77;No
1987;119;Untouchables, The;Drama;7;Yes
1958;83;Up the Creek;Comedy;54;No
1985;105;Vagabond;Drama;49;No
1983;95;Valley Girl;Comedy;30;No
1989;90;Vampire Raiders, Ninja Queen;Action;15;No
1989;103;Vampire's Kiss;Comedy;49;No
1989;90;Van, The;Comedy;5;No
1950;60;Vanishing Westerner;Western;6;No
1953;94;Vera Cruz;Action;71;No
1958;128;Vertigo;Drama;10;No
1981;117;Victory;Drama;39;No
1989;87;Videodrome;Horror;36;No
1989;118;Vincent, Francois, Paul & the Others;Drama;20;No
1992;95;Violent Men, The;Action;25;No
1959;88;Virgin Spring, The;Drama;8;Yes
1980;106;Virus;Science Fiction;62;No
1952;112;Viva Zapata!;Drama;86;Yes
1959;90;Voulez-Vous Danser Avec Moi?;Comedy;16;No
1953;83;Voyage in Italy;Drama;57;No
1977;134;Voyage of the Damned;Drama;34;No
1950;86;Wagon Master;Western;30;No
1990;86;Wagonmaster;Western;1;No
1990;102;Wait Until Spring Bandini;Drama;29;No
1990;104;Wait Until Spring, Bandini;Drama;20;No
1987;126;Wall Street;Drama;6;Yes
1941;75;Walpurgis Night;Drama;32;No
1968;360;War & Peace;Drama;80;Yes
1986;89;Water;Comedy;47;No
1989;110;We're No Angels;Comedy;51;No
1990;93;Web of Deceit;Drama;6;No
1937;100;Wee Willie Winkie;Drama;78;No
1990;98;Welcome Home, Roxy Carmichael;Comedy;41;No
1961;153;West Side Story;Music;38;Yes
1947;56;West to Glory;Western;43;No
1991;99;What about Bob?;Comedy;6;No
1985;92;What Comes Around;Drama;49;No
1952;109;What Price Glory?;War;4;No
1965;108;What's New Pussycat?;Comedy;46;No
1942;85;Wheel of Fortune;Drama;36;No
1968;158;Where Eagles Dare;War;57;No
1990;110;White Hunter, Black Heart;Adventure;66;No
1973;101;White Lightning;Action;54;No
1992;101;White Sands;Drama;38;No
1992;130;Who's Afraid of Virginia Woolf?;Drama;82;Yes
1980;109;Wholly Moses!;Comedy;25;No
1986;82;Whoopee Boys, The;Comedy;54;No
1981;119;Whose Life Is It, Anyway?;Drama;62;No
1990;125;Wild at Heart;Drama;6;No
1969;144;Wild Bunch, The;Western;50;No
1948;59;Wild Frontier, The;Western;61;No
1978;132;Wild Geese, The;Action;21;No
1953;79;Wild One, The;Drama;26;No
1929;100;Wild Orchids;Drama;70;No
1975;90;Wild Party, The;Drama;75;No
1957;91;Wild Strawberries;Drama;42;Yes
1986;106;Wildcats;Comedy;22;No
1989;55;Will Rogers, Look Back in Laughter;Comedy;6;No
1971;100;Willy Wonka & the Chocolate Factory;Music;65;No
1975;120;Wind & the Lion, The;Action;2;No
1928;139;Wings;War;44;Yes
1987;130;Wings of Desire;Drama;71;No
1957;107;Wings of Eagles, The;Drama;29;No
1963;80;Winter Light;Drama;2;No
1989;109;Winter People;Drama;30;No
1987;109;Wisdom;Action;25;No
1986;91;Wise Guys;Comedy;16;No
1987;119;Witches of Eastwick, The;Comedy;8;No
1990;92;Witches, The;Science Fiction;18;No
1991;112;Without Love;Comedy;66;No
1985;112;Witness;Drama;59;No
1987;94;Wolf at the Door, The;Drama;68;No
1981;106;Woman Next Door, The;Drama;82;No
1928;90;Woman of Affairs;Drama;83;No
1991;113;Woman of the Year;Comedy;12;No
1967;99;Woman Times Seven;Comedy;36;No
1945;69;Woman Who Came Back;Drama;26;No
1970;129;Women in Love.;Drama;18;No
1989;88;Women on the Verge of a Nervous Breakdown;Comedy;65;No
1969;86;Women, The;Drama;66;No
1988;115;Working Girl;Comedy;25;No
1982;136;World According to Garp, The;Drama;59;No
1977;89;World's Greatest Lover, The;Comedy;42;No
1989;94;Wrong Arm of the Law, The;Comedy;25;No
1966;107;Wrong Box, The;Comedy;40;No
1972;110;X, Y & Zee;Drama;87;No
1975;112;Yakuza, The;Action;16;No
1988;103;Year My Voice Broke, The;Drama;71;No
1983;97;Yellowbeard;Comedy;34;No
1983;134;Yentl;Music;46;No
1963;118;Yesterday, Today & Tomorrow;Comedy;73;Yes
1961;110;Yojimbo;Action;60;No
1982;111;Yol;Drama;53;No
1937;80;Young & Innocent;Mystery;43;No
1989;91;Young Einstein;Comedy;47;No
1958;167;Young Lions, The;Drama;10;No
1987;91;Young Love: Lemon Popsicle Seven;Comedy;47;No
1986;109;Young Sherlock Holmes;Mystery;16;No
1969;127;Z;Drama;72;Yes
1990;97;Zandalee;Drama;80;No
1974;104;Zardoz;Science Fiction;6;No